id,common_name,scientific_name,family,habitat,conservation_status,description,image_url,audio_url
1,African Fish Eagle,Haliaeetus vocifer,Accipitridae,Lakes and rivers,Least Concern,Large eagle found near water bodies. Iconic call often used to represent Africa.,,
2,Hadada Ibis,Bostrychia hagedash,Threskiornithidae,Grasslands and gardens,Least Concern,Loud unmistakable call. Very common in Nairobi gardens and parks.,,
3,Red-chested Cuckoo,Cuculus solitarius,Cuculidae,Forests and woodland edges,Least Concern,Famous three-note call. A sign of the rainy season in Kenya.,,
4,Pied Kingfisher,Ceryle rudis,Cerylidae,Rivers lakes and coastal areas,Least Concern,Black and white kingfisher. Hovers over water before diving.,,
5,Black Kite,Milvus migrans,Accipitridae,Urban areas and open country,Least Concern,Most common raptor in Nairobi. Scavenger often seen near markets.,,
6,African Grey Hornbill,Lophoceros nasutus,Bucerotidae,Dry woodland and savanna,Least Concern,Distinctive whining call. Common in Nairobi and dry areas.,,
7,Tropical Boubou,Laniarius aethiopicus,Malaconotidae,Gardens and forest edges,Least Concern,Pairs duet together. Common in Nairobi gardens.,,
8,Common Bulbul,Pycnonotus barbatus,Pycnonotidae,Gardens woodland and forest edges,Least Concern,One of the most common garden birds in Kenya. Cheerful song.,,
9,Superb Starling,Lamprotornis superbus,Sturnidae,Savanna and open woodland,Least Concern,Stunning iridescent plumage. Very common in Nairobi and Maasai Mara.,,
10,White-browed Robin-Chat,Cossypha heuglini,Muscicapidae,Gardens and forest edges,Least Concern,Beautiful melodious song. Common in Nairobi gardens at dawn.,,
11,Hildebrandt's Starling,Lamprotornis hildebrandti,Sturnidae,Dry woodland and savanna,Least Concern,Iridescent starling similar to Superb Starling but with a dark eye and orange-buff lower belly.,,
12,Violet-backed Starling,Cinnyricinclus leucogaster,Sturnidae,Woodland and forest edges,Least Concern,Small starling with striking violet-blue back in males; females are brown and streaked.,,
13,Greater Blue-eared Starling,Lamprotornis chalybaeus,Sturnidae,Savanna and woodland,Least Concern,Glossy blue-green starling common in mixed flocks across East African savanna.,,
14,Red-winged Starling,Onychognathus morio,Sturnidae,Cliffs urban areas and gorges,Least Concern,Glossy black starling with rufous flight feathers visible in flight. Common on buildings and cliffs.,,
15,Wattled Starling,Creatophora cinerea,Sturnidae,Open grassland and savanna,Least Concern,Nomadic starling that follows locust and grasshopper outbreaks. Breeding males show bare yellow skin and wattles.,,
16,Rüppell's Starling,Lamprotornis purpuroptera,Sturnidae,Dry savanna and bushland,Least Concern,Long-tailed glossy starling with a pale iris, common in northern Kenya.,,
17,Ashy Starling,Lamprotornis unicolor,Sturnidae,Dry acacia savanna,Least Concern,Plain grey-brown starling endemic to the East African dry savanna belt.,,
18,Slender-billed Starling,Onychognathus tenuirostris,Sturnidae,Highland forest and cliffs,Least Concern,Glossy starling of highland forest edges and rocky escarpments, told by its slim bill.,,
19,Ring-necked Dove,Streptopelia capicola,Columbidae,Gardens woodland and savanna,Least Concern,One of Africa's most familiar doves, known for its rhythmic "work harder" call.,,
20,Speckled Pigeon,Columba guinea,Columbidae,Urban areas cliffs and farmland,Least Concern,Large reddish-brown pigeon with white-speckled wings, common on buildings and cliffs.,,
21,Emerald-spotted Wood-Dove,Turtur chalcospilos,Columbidae,Woodland and thicket,Least Concern,Small dove with iridescent green wing spots and a soft descending call.,,
22,Village Weaver,Ploceus cucullatus,Ploceidae,Gardens woodland and wetlands,Least Concern,Colonial weaver; males build elaborate woven nests and display bright yellow-and-black breeding plumage.,,
23,Lesser Masked Weaver,Ploceus intermedius,Ploceidae,Wetlands and riverine woodland,Least Concern,Small weaver with a black mask and pale eye, often nesting over water.,,
24,Baglafecht Weaver,Ploceus baglafecht,Ploceidae,Gardens forest edges and highlands,Least Concern,Highland weaver with a variable black-and-yellow head pattern, common in Nairobi gardens.,,
25,Speke's Weaver,Ploceus spekei,Ploceidae,Dry savanna and acacia woodland,Least Concern,Weaver with a heavily spotted black-and-yellow back, common in colonies in dry country.,,
26,Golden-backed Weaver,Ploceus jacksoni,Ploceidae,Wetlands and grassland,Least Concern,Weaver with a golden back and streaked crown, associated with papyrus and grassland edges.,,
27,Holub's Golden Weaver,Ploceus xanthops,Ploceidae,Wetlands and riverine vegetation,Least Concern,Large all-golden weaver found near swamps and rivers.,,
28,Spectacled Weaver,Ploceus ocularis,Ploceidae,Forest edges and thickets,Least Concern,Weaver with a distinctive black "spectacle" mask around the eyes.,,
29,Black-headed Weaver,Ploceus melanocephalus,Ploceidae,Wetlands and reedbeds,Least Concern,Weaver with a black hood and bright yellow body, nests in reeds over water.,,
30,Variable Sunbird,Cinnyris venustus,Nectariniidae,Gardens woodland and savanna,Least Concern,Small iridescent sunbird, common and widespread in gardens across East Africa.,,
31,Scarlet-chested Sunbird,Chalcomitra senegalensis,Nectariniidae,Gardens and woodland,Least Concern,Sunbird with a brilliant scarlet breast patch against a dark body.,,
32,Bronzy Sunbird,Nectarinia kilimensis,Nectariniidae,Highland forest edges and gardens,Least Concern,Long-tailed highland sunbird with bronze-green iridescence.,,
33,Eastern Double-collared Sunbird,Cinnyris mediocris,Nectariniidae,Highland forest and gardens,Least Concern,Highland sunbird with a narrow scarlet breast band bordered by iridescent green and blue.,,
34,Red-chested Sunbird,Cinnyris erythrocercus,Nectariniidae,Wetlands and riverine woodland,Least Concern,Sunbird with a small red chest patch, found near papyrus swamps and rivers.,,
35,Marico Sunbird,Cinnyris mariquensis,Nectariniidae,Dry savanna and acacia woodland,Least Concern,Sunbird with a broad maroon breast band, common in drier savanna habitats.,,
36,Collared Sunbird,Hedydipna collaris,Nectariniidae,Forest edges and thickets,Least Concern,Small green sunbird with a narrow violet collar, favors shaded forest understory.,,
37,Eastern Violet-backed Sunbird,Anthreptes orientalis,Nectariniidae,Dry coastal and acacia woodland,Least Concern,Small sunbird with an iridescent violet back and pale underparts, found in dry bushland.,,
38,Giant Kingfisher,Megaceryle maxima,Cerylidae,Rivers and forest streams,Least Concern,Africa's largest kingfisher, with a shaggy crest and heavy bill, found along forested rivers.,,
39,Woodland Kingfisher,Halcyon senegalensis,Halcyonidae,Woodland and savanna,Least Concern,Bright blue-and-white kingfisher known for its loud trilling call, often far from water.,,
40,Striped Kingfisher,Halcyon chelicuti,Halcyonidae,Dry woodland and savanna,Least Concern,Small dryland kingfisher that rarely hunts near water, feeding mostly on insects.,,
41,Brown-hooded Kingfisher,Halcyon albiventris,Halcyonidae,Woodland gardens and forest edges,Least Concern,Kingfisher with a brown head and blue-black wings, common away from water in gardens.,,
42,Grey-headed Kingfisher,Halcyon leucocephala,Halcyonidae,Woodland and savanna,Least Concern,Kingfisher with a grey head and chestnut belly, an intra-African migrant in parts of its range.,,
43,Crowned Eagle,Stephanoaetus coronatus,Accipitridae,Forest and forest edges,Vulnerable,Africa's most powerful forest eagle, preying on monkeys and small antelope; population declining with forest loss.,,
44,Long-crested Eagle,Lophaetus occipitalis,Accipitridae,Forest edges and highland farmland,Least Concern,Distinctive eagle with a shaggy crest, often seen perched on roadside poles.,,
45,Common Buzzard,Buteo buteo,Accipitridae,Open country and farmland,Least Concern,Medium-sized migrant raptor from Eurasia, present in East Africa during the northern winter.,,
46,Black-winged Kite,Elanus caeruleus,Accipitridae,Open grassland and farmland,Least Concern,Small pale grey-and-white raptor with red eyes, known for hovering while hunting rodents.,,
47,Common Kestrel,Falco tinnunculus,Falconidae,Open country and farmland,Least Concern,Small falcon known for hovering in place while scanning for prey below.,,
48,Peregrine Falcon,Falco peregrinus,Falconidae,Cliffs and urban areas,Least Concern,The world's fastest bird, reaching extreme speeds in its hunting stoop; found on cliffs and increasingly in cities.,,
49,African Harrier-Hawk,Polyboroides typus,Accipitridae,Forest and woodland,Least Concern,Long-legged raptor with double-jointed knees, allowing it to raid nest holes for chicks and eggs.,,
